X,Y,Z,azimuth,dip,polarity,formation
246275.11880000003,6709316.117933333,13.58331111111111,102.4329,0,1,Sa
246242.98810909095,6709330.423763635,16.281727272727274,282.4328,0,1,Mr
